{
  "version": 1,
  "labels": [
    "bpsk",
    "qpsk",
    "fsk",
    "ofdm",
    "fm",
    "noise"
  ],
  "mean": [
    -3.75026273727417,
    0.8145014643669128,
    0.18436908721923828,
    0.7805103063583374,
    85.92049407958984,
    -0.0005956534296274185,
    0.4366655945777893,
    -0.000693342590238899,
    0.003786645596846938,
    0.004070233087986708,
    0.004296249244362116,
    0.004679439123719931,
    0.005008138716220856,
    0.0054293288849294186,
    0.005933186039328575,
    0.00649779150262475,
    0.006894546560943127,
    0.0071206483989953995,
    0.007445700000971556,
    0.007613722700625658,
    0.0075838761404156685,
    0.007724396884441376,
    0.007801350671797991,
    0.008050613105297089,
    0.008095706813037395,
    0.008302469737827778,
    0.00818138848990202,
    0.00812609028071165,
    0.008113658055663109,
    0.008334863930940628,
    0.009190178476274014,
    0.012914816848933697,
    0.016189927235245705,
    0.022895285859704018,
    0.02941911108791828,
    0.040127985179424286,
    0.04819231852889061,
    0.05453120172023773,
    0.05941230058670044,
    0.05961254611611366,
    0.05832930654287338,
    0.058290012180805206,
    0.053823720663785934,
    0.04609299823641777,
    0.03880375623703003,
    0.03076186217367649,
    0.023384293541312218,
    0.017579397186636925,
    0.013595142401754856,
    0.010159057565033436,
    0.008740956895053387,
    0.00832351017743349,
    0.008084188215434551,
    0.008198392577469349,
    0.008187777362763882,
    0.008223124779760838,
    0.00809810496866703,
    0.007919170893728733,
    0.007693514693528414,
    0.00757035706192255,
    0.007335470989346504,
    0.0071852561086416245,
    0.007076226640492678,
    0.006614649202674627,
    0.006340009160339832,
    0.005797394085675478,
    0.005295729264616966,
    0.0048048244789242744,
    0.0044301836751401424,
    0.004176206886768341,
    0.003740926505997777,
    0.003768717171624303
  ],
  "std": [
    7.936880111694336,
    0.4036906659603119,
    0.15077601373195648,
    0.14887121319770813,
    120.77825164794922,
    0.03852234035730362,
    0.30468815565109253,
    0.015366388484835625,
    0.005418469663709402,
    0.0059125530533492565,
    0.006335073616355658,
    0.006937273778021336,
    0.007297896780073643,
    0.00765208899974823,
    0.007940283045172691,
    0.008305535651743412,
    0.008643196895718575,
    0.008716840296983719,
    0.00903800968080759,
    0.009397352114319801,
    0.0093222102150321,
    0.009367664344608784,
    0.009114008396863937,
    0.009128117002546787,
    0.008976589888334274,
    0.00913969799876213,
    0.009094386361539364,
    0.009112034924328327,
    0.00886786449700594,
    0.008705821819603443,
    0.009343062527477741,
    0.024910930544137955,
    0.0272244643419981,
    0.03896022588014603,
    0.047589849680662155,
    0.060637183487415314,
    0.06820633262395859,
    0.06959367543458939,
    0.06955841928720474,
    0.06459201872348785,
    0.06415598094463348,
    0.06577574461698532,
    0.06750327348709106,
    0.062307003885507584,
    0.05870432034134865,
    0.04815639182925224,
    0.03784133121371269,
    0.028806542977690697,
    0.02350318431854248,
    0.01448555663228035,
    0.008837847039103508,
    0.00906696729362011,
    0.009047972038388252,
    0.009128756821155548,
    0.009007490240037441,
    0.009013134054839611,
    0.009106853976845741,
    0.009179297834634781,
    0.009213925339281559,
    0.009245933033525944,
    0.009033766575157642,
    0.00896359607577324,
    0.008771542459726334,
    0.00839418638497591,
    0.008202983997762203,
    0.007778070867061615,
    0.007435038685798645,
    0.007011189125478268,
    0.006653127260506153,
    0.0061883460730314255,
    0.005445700138807297,
    0.0054835607297718525
  ],
  "centroids": [
    [
      0.39629659056663513,
      0.3621959090232849,
      -0.17865075170993805,
      0.15839238464832306,
      -0.3714011609554291,
      -0.0423717275261879,
      -0.2975362539291382,
      0.03731754794716835,
      -0.31640976667404175,
      -0.33847180008888245,
      -0.39569076895713806,
      -0.4325653612613678,
      -0.471508651971817,
      -0.48792916536331177,
      -0.5012274980545044,
      -0.5111260414123535,
      -0.5228745341300964,
      -0.538594126701355,
      -0.5853821039199829,
      -0.6015751361846924,
      -0.6147642731666565,
      -0.6036986112594604,
      -0.5689786076545715,
      -0.5238775610923767,
      -0.4804605543613434,
      -0.46581941843032837,
      -0.500277578830719,
      -0.5301443934440613,
      -0.5488620400428772,
      -0.4555529057979584,
      -0.20753073692321777,
      -0.010616493411362171,
      0.17284747958183289,
      0.2527066767215729,
      0.26225757598876953,
      0.24371151626110077,
      0.2472320795059204,
      0.2538076639175415,
      0.2361130267381668,
      0.2969355881214142,
      0.27544108033180237,
      0.20222792029380798,
      0.14185643196105957,
      0.19179677963256836,
      0.14409005641937256,
      0.1510421186685562,
      0.1503564566373825,
      0.12187578529119492,
      -0.015825936570763588,
      -0.12237447500228882,
      -0.4358096718788147,
      -0.5289727449417114,
      -0.563490629196167,
      -0.543978750705719,
      -0.5217582583427429,
      -0.5068971514701843,
      -0.5209540128707886,
      -0.5448300838470459,
      -0.583672285079956,
      -0.6050344705581665,
      -0.6172464489936829,
      -0.588895320892334,
      -0.5580669641494751,
      -0.5121197700500488,
      -0.49403151869773865,
      -0.4730309545993805,
      -0.4685667157173157,
      -0.454085111618042,
      -0.43517884612083435,
      -0.4030035138130188,
      -0.34443026781082153,
      -0.3088284134864807
    ],
    [
      0.41280603408813477,
      0.4095444679260254,
      -0.2803760766983032,
      0.1533653885126114,
      -0.34220319986343384,
      0.2414005696773529,
      -0.3329578638076782,
      0.037901073694229126,
      -0.338886559009552,
      -0.38166797161102295,
      -0.40980976819992065,
      -0.4536953568458557,
      -0.4734908938407898,
      -0.4831702709197998,
      -0.5062686204910278,
      -0.5262946486473083,
      -0.5532094240188599,
      -0.5798923969268799,
      -0.6124067306518555,
      -0.6159363985061646,
      -0.6129910945892334,
      -0.5892411470413208,
      -0.5661503076553345,
      -0.5426186323165894,
      -0.5405153036117554,
      -0.5374001264572144,
      -0.5428670644760132,
      -0.5539907813072205,
      -0.5273718237876892,
      -0.43703216314315796,
      -0.2337156981229782,
      -0.07691534608602524,
      -0.01166420429944992,
      0.018314318731427193,
      0.08254089951515198,
      0.0020325679797679186,
      0.04891132935881615,
      0.0663558840751648,
      0.12604108452796936,
      0.24978402256965637,
      0.34054794907569885,
      0.3680635094642639,
      0.36270564794540405,
      0.40001463890075684,
      0.3671422004699707,
      0.3662903308868408,
      0.32672086358070374,
      0.2442847490310669,
      0.04926183819770813,
      -0.08476562798023224,
      -0.41832655668258667,
      -0.5306283235549927,
      -0.5280004143714905,
      -0.48949185013771057,
      -0.46692609786987305,
      -0.47975724935531616,
      -0.530728816986084,
      -0.5573086142539978,
      -0.5987994074821472,
      -0.6188567876815796,
      -0.6054087281227112,
      -0.5735667943954468,
      -0.5450469851493835,
      -0.511375904083252,
      -0.5108948945999146,
      -0.49447184801101685,
      -0.4894353747367859,
      -0.4667239785194397,
      -0.43255043029785156,
